{
  "id": "3a5240fb-9cd3-4b84-8b03-e4b2672cee47",
  "name": "WC1 Pilot environment",
  "values": [
    {
      "key": "api-key",
      "value": "",
      "type": "text",
      "enabled": true
    },
    {
      "key": "api-secret",
      "value": "",
      "type": "text",
      "enabled": true
    },
    {
      "key": "content",
      "value": "application/json",
      "type": "text",
      "enabled": true
    },
    {
      "key": "gateway-host",
      "value": "rms-world-check-one-api-pilot.thomsonreuters.com",
      "type": "text",
      "enabled": true
    },
    {
      "key": "gateway-url",
      "value": "/v1/",
      "type": "text",
      "enabled": true
    },
    {
      "key": "protocol",
      "value": "https://",
      "type": "text",
      "enabled": true
    },
    {
      "key": "provider-type",
      "value": "WATCHLIST",
      "type": "text",
      "enabled": true
    },
    {
      "key": "available-case-id",
      "value": "exampleIdNotInUse",
      "type": "text",
      "enabled": true
    },
    {
      "key": "provider-source-identifier",
      "value": "12345",
      "type": "text",
      "enabled": true
    },
    {
      "key": "entity-id-individual-1",
      "value": "indivId1",
      "type": "text",
      "enabled": true
    },
    {
      "key": "external-import-id-individual-1",
      "value": "indivImport1",
      "type": "text",
      "enabled": true
    },
    {
      "key": "entity-id-individual-2",
      "value": "indivId2",
      "type": "text",
      "enabled": true
    },
    {
      "key": "external-import-id-individual-2",
      "value": "indivImport2",
      "type": "text",
      "enabled": true
    },
    {
      "key": "entity-id-organisation",
      "value": "orgId1",
      "type": "text",
      "enabled": true
    },
    {
      "key": "external-import-id-organisation",
      "value": "orgImportId",
      "type": "text",
      "enabled": true
    },
    {
      "key": "entity-id-vessel",
      "value": "vesselId1",
      "type": "text",
      "enabled": true
    },
    {
      "key": "external-import-id-vessel",
      "value": "vesselImportId",
      "type": "text",
      "enabled": true
    },
    {
      "key": "authorisation",
      "value": "",
      "type": "text",
      "enabled": true
    },
    {
      "key": "currentDate",
      "value": "Thu, 12 Apr 2018 11:22:35 GMT",
      "type": "text",
      "enabled": true
    },
    {
      "key": "group-id",
      "value": "",
      "type": "text",
      "enabled": true
    },
    {
      "key": "custom-field-1",
      "value": "",
      "type": "text",
      "enabled": true
    },
    {
      "key": "custom-field-2",
      "value": "",
      "type": "text",
      "enabled": true
    },
    {
      "key": "custom-field-3",
      "value": "",
      "type": "text",
      "enabled": true
    },
    {
      "key": "status-id",
      "value": "",
      "type": "text",
      "enabled": true
    },
    {
      "key": "risk-id",
      "value": "",
      "type": "text",
      "enabled": true
    },
    {
      "key": "reason-id",
      "value": "",
      "type": "text",
      "enabled": true
    },
    {
      "key": "assignee-user-id",
      "value": "",
      "type": "text",
      "enabled": true
    },
    {
      "key": "contentLength",
      "value": "212",
      "type": "text",
      "enabled": true
    },
    {
      "key": "case-id",
      "value": "",
      "type": "text",
      "enabled": true
    },
    {
      "key": "case-system-id",
      "value": "",
      "type": "text",
      "enabled": true
    },
    {
      "key": "current-user-id",
      "value": "",
      "type": "text",
      "enabled": true
    },
    {
      "key": "cursor-id",
      "value": "",
      "type": "text",
      "enabled": true
    },
    {
      "key": "worldcheck-profile-id",
      "value": "",
      "type": "text",
      "enabled": true
    },
    {
      "key": "worldcheck-profile-id-encoded",
      "value": "",
      "type": "text",
      "enabled": true
    },
    {
      "key": "result-id",
      "value": "",
      "type": "text",
      "enabled": true
    },
    {
      "key": "weekAgo",
      "value": "2018-04-05T11:22:09.058Z",
      "type": "text",
      "enabled": true
    }
  ],
  "_postman_variable_scope": "environment",
  "_postman_exported_at": "2018-04-12T13:11:40.158Z",
  "_postman_exported_using": "Postman/6.0.10"
}
