{
	"info": {
		"_postman_id": "a0012452-98df-40b2-a7e4-5678e0469709",
		"name": "Refinitiv World-Check One API Zero Footprint Screening v1.5",
		"description": "Sample requests to interact with available functionality provided by the Refinitiv World-Check One API Zero Footprint Screening.\n\n(C) 2018 Refinitiv. All rights reserved. Republication or redistribution of Refinitiv content, including by framing or similar means, is prohibited without the prior written consent of Refinitiv. 'Refinitiv' and the Refinitiv logo are registered trademarks and trademarks of Refinitiv and its affiliated companies.\n",
		"schema": "https://schema.getpostman.com/json/collection/v2.1.0/collection.json"
	},
	"item": [
		{
			"name": "SEQ-pre-groups: Get my top-level groups",
			"event": [
				{
					"listen": "test",
					"script": {
						"id": "2d1d556f-fd3b-4656-8773-162c883036d9",
						"type": "text/javascript",
						"exec": [
							"pm.test(\"Status code is 200\", function () {",
							"    pm.response.to.have.status(200);",
							"});",
							"",
							"pm.test(\"Could retrieve the groupId from response\", function () {",
							"    pm.response.to.be.json;",
							"    var jsonData = pm.response.json();",
							"    pm.expect(jsonData).to.have.lengthOf.at.least(1);",
							"    pm.expect(jsonData[0]).to.have.a.property('id');",
							"    pm.expect(jsonData[0].id).to.be.not.empty;",
							"});"
						]
					}
				},
				{
					"listen": "prerequest",
					"script": {
						"id": "596c7e4f-c702-49d4-8e17-3982d6abca95",
						"type": "text/javascript",
						"exec": [
							"",
							"function generateAuthHeader(dataToSign){",
							"    var hash = CryptoJS.HmacSHA256(dataToSign,environment[\"api-secret\"]);",
							"    return hash.toString(CryptoJS.enc.Base64); ",
							"}",
							"",
							"var date = new Date().toGMTString();",
							"",
							"var dataToSign = \"(request-target): get \" + environment[\"gateway-url\"] + \"groups\\n\" +",
							"        \"host: \" + environment[\"gateway-host\"] + \"\\n\" +",
							"        \"date: \" + date;",
							"var hmac = generateAuthHeader(dataToSign);",
							"var authorisation = \"Signature keyId=\\\"\" + environment[\"api-key\"] + \"\\\",algorithm=\\\"hmac-sha256\\\",headers=\\\"(request-target) host date\\\",signature=\\\"\" + hmac + \"\\\"\";",
							"",
							"postman.setEnvironmentVariable(\"authorisation\",authorisation);",
							"postman.setEnvironmentVariable(\"currentDate\",date);"
						]
					}
				}
			],
			"request": {
				"method": "GET",
				"header": [
					{
						"key": "Date",
						"value": "{{currentDate}}"
					},
					{
						"key": "Authorization",
						"value": "{{authorisation}}"
					}
				],
				"body": {
					"mode": "raw",
					"raw": ""
				},
				"url": {
					"raw": "{{protocol}}{{gateway-host}}{{gateway-url}}groups",
					"host": [
						"{{protocol}}{{gateway-host}}{{gateway-url}}groups"
					]
				},
				"description": "Fetch the root groups accessible to my API user"
			},
			"response": []
		},
		{
			"name": "SEQ-pre-group: Get a specific group by ID",
			"event": [
				{
					"listen": "test",
					"script": {
						"id": "ebaf179d-7784-4926-b849-65b251a10b86",
						"type": "text/javascript",
						"exec": [
							"pm.test(\"group-id is set in environment\", function () {",
							"    pm.expect(pm.environment.get(\"group-id\"), 'group-id must be defined and not blank in the environment').to.not.equal(\"--REQUIRED-VALUE-MISSING--\");",
							"});",
							"",
							"pm.test(\"Status code is 200\", function () {",
							"    pm.response.to.have.status(200);",
							"});",
							"",
							"pm.test(\"Could retrieve the group id from response\", function () {",
							"    pm.response.to.be.json;",
							"    var jsonData = pm.response.json();",
							"    pm.expect(jsonData).to.have.a.property('id');",
							"    pm.expect(jsonData.id).to.be.not.empty;",
							"});"
						]
					}
				},
				{
					"listen": "prerequest",
					"script": {
						"id": "d3dd706b-4b82-410e-bd81-e548ccc4429b",
						"type": "text/javascript",
						"exec": [
							"",
							"function generateAuthHeader(dataToSign){",
							"    var hash = CryptoJS.HmacSHA256(dataToSign,environment[\"api-secret\"]);",
							"    return hash.toString(CryptoJS.enc.Base64); ",
							"}",
							"",
							"pm.expect(pm.environment.get(\"group-id\"), 'group-id must be defined and not blank in the environment').to.not.be.empty;",
							"",
							"var date = new Date().toGMTString();",
							"",
							"var dataToSign = \"(request-target): get \" + environment[\"gateway-url\"] + \"groups/\" + environment[\"group-id\"] + \"\\n\" +",
							"        \"host: \" + environment[\"gateway-host\"] + \"\\n\" +",
							"        \"date: \" + date;",
							"var hmac = generateAuthHeader(dataToSign);",
							"var authorisation = \"Signature keyId=\\\"\" + environment[\"api-key\"] + \"\\\",algorithm=\\\"hmac-sha256\\\",headers=\\\"(request-target) host date\\\",signature=\\\"\" + hmac + \"\\\"\";",
							"",
							"postman.setEnvironmentVariable(\"authorisation\",authorisation);",
							"postman.setEnvironmentVariable(\"currentDate\",date);"
						]
					}
				}
			],
			"request": {
				"method": "GET",
				"header": [
					{
						"key": "Date",
						"value": "{{currentDate}}"
					},
					{
						"key": "Authorization",
						"value": "{{authorisation}}"
					}
				],
				"body": {
					"mode": "raw",
					"raw": ""
				},
				"url": {
					"raw": "{{protocol}}{{gateway-host}}{{gateway-url}}groups/{{group-id}}",
					"host": [
						"{{protocol}}{{gateway-host}}{{gateway-url}}groups"
					],
					"path": [
						"{{group-id}}"
					]
				},
				"description": "Traverse down the group hierarchy to determine the full group tree accessible to my API user."
			},
			"response": []
		},
		{
			"name": "SEQ-pre-group-case-template: Get the case template for a group",
			"event": [
				{
					"listen": "test",
					"script": {
						"id": "c21b3482-b3d1-4a23-8d7a-a4f893418db4",
						"type": "text/javascript",
						"exec": [
							"pm.test(\"group-id is set in environment\", function () {",
							"    pm.expect(pm.environment.get(\"group-id\"), 'group-id must be defined and not blank in the environment').to.not.equal(\"--REQUIRED-VALUE-MISSING--\");",
							"});",
							"",
							"pm.test(\"Status code is 200\", function () {",
							"    pm.response.to.have.status(200);",
							"});",
							"",
							"pm.test(\"Could retrieve the groupId from response\", function () {",
							"    pm.response.to.be.json;",
							"    var jsonData = pm.response.json();",
							"    pm.expect(jsonData).to.have.a.property('groupId');",
							"    pm.expect(jsonData.groupId).is.not.empty;",
							"});",
							"",
							""
						]
					}
				},
				{
					"listen": "prerequest",
					"script": {
						"id": "aeec00b7-06aa-4286-9080-4873ee21b5e0",
						"type": "text/javascript",
						"exec": [
							"",
							"function generateAuthHeader(dataToSign){",
							"    var hash = CryptoJS.HmacSHA256(dataToSign,environment[\"api-secret\"]);",
							"    return hash.toString(CryptoJS.enc.Base64); ",
							"}",
							"",
							"var date = new Date().toGMTString();",
							"",
							"var dataToSign = \"(request-target): get \" + environment[\"gateway-url\"] + \"groups/\" + environment[\"group-id\"] + \"/caseTemplate\\n\" +",
							"        \"host: \" + environment[\"gateway-host\"] + \"\\n\" +",
							"        \"date: \" + date;",
							"var hmac = generateAuthHeader(dataToSign);",
							"var authorisation = \"Signature keyId=\\\"\" + environment[\"api-key\"] + \"\\\",algorithm=\\\"hmac-sha256\\\",headers=\\\"(request-target) host date\\\",signature=\\\"\" + hmac + \"\\\"\";",
							"",
							"postman.setEnvironmentVariable(\"authorisation\",authorisation);",
							"postman.setEnvironmentVariable(\"currentDate\",date);"
						]
					}
				}
			],
			"request": {
				"method": "GET",
				"header": [
					{
						"key": "Date",
						"value": "{{currentDate}}"
					},
					{
						"key": "Authorization",
						"value": "{{authorisation}}"
					}
				],
				"body": {
					"mode": "raw",
					"raw": ""
				},
				"url": {
					"raw": "{{protocol}}{{gateway-host}}{{gateway-url}}groups/{{group-id}}/caseTemplate",
					"host": [
						"{{protocol}}{{gateway-host}}{{gateway-url}}groups"
					],
					"path": [
						"{{group-id}}",
						"caseTemplate"
					]
				},
				"description": "Find out what fields are available/required when entering cases into a specific group"
			},
			"response": []
		},
		{
			"name": "SEQ-pre-country-list: Get the ISO country list",
			"event": [
				{
					"listen": "test",
					"script": {
						"id": "4cc7256c-31eb-426b-9107-03cc145862ff",
						"type": "text/javascript",
						"exec": [
							"pm.test(\"Status code is 200\", function () {",
							"    pm.response.to.have.status(200);",
							"});",
							"",
							"pm.test(\"Contains 'Aruba'\", function () {",
							"    pm.response.to.be.json;",
							"    var jsonData = pm.response.json();",
							"    pm.expect(jsonData).to.have.a.property('ABW');",
							"    pm.expect(jsonData['ABW']).to.eql(\"Aruba\");",
							"});",
							"pm.test(\"Contains 'Cambodia'\", function () {",
							"    var jsonData = pm.response.json();",
							"    pm.expect(jsonData).to.have.a.property('KHM');",
							"    pm.expect(jsonData['KHM']).to.eql(\"Cambodia\");",
							"});",
							""
						]
					}
				},
				{
					"listen": "prerequest",
					"script": {
						"id": "35100a6a-e056-4379-96e0-1b5656a973b6",
						"type": "text/javascript",
						"exec": [
							"",
							"function generateAuthHeader(dataToSign){",
							"    var hash = CryptoJS.HmacSHA256(dataToSign,environment[\"api-secret\"]);",
							"    return hash.toString(CryptoJS.enc.Base64); ",
							"}",
							"",
							"var date = new Date().toGMTString();",
							"",
							"var dataToSign = \"(request-target): get \" + environment[\"gateway-url\"] + \"reference/countries\\n\" +",
							"        \"host: \" + environment[\"gateway-host\"] + \"\\n\" +",
							"        \"date: \" + date;",
							"var hmac = generateAuthHeader(dataToSign);",
							"var authorisation = \"Signature keyId=\\\"\" + environment[\"api-key\"] + \"\\\",algorithm=\\\"hmac-sha256\\\",headers=\\\"(request-target) host date\\\",signature=\\\"\" + hmac + \"\\\"\";",
							"",
							"postman.setEnvironmentVariable(\"authorisation\",authorisation);",
							"postman.setEnvironmentVariable(\"currentDate\",date);"
						]
					}
				}
			],
			"request": {
				"method": "GET",
				"header": [
					{
						"key": "Date",
						"value": "{{currentDate}}"
					},
					{
						"key": "Authorization",
						"value": "{{authorisation}}"
					}
				],
				"body": {
					"mode": "raw",
					"raw": ""
				},
				"url": {
					"raw": "{{protocol}}{{gateway-host}}{{gateway-url}}reference/countries",
					"host": [
						"{{protocol}}{{gateway-host}}{{gateway-url}}reference"
					],
					"path": [
						"countries"
					]
				},
				"description": "Fetch the ISO country list to use when providing case secondary fields related to countries/locations."
			},
			"response": []
		},
		{
			"name": "SEQ-zfs-api-sync-screen-simple: Perform Zero Footprint Synchronous Screening: Simple",
			"event": [
				{
					"listen": "test",
					"script": {
						"id": "0551585b-c9ad-4fc2-b3f3-99d7bcb1f6f2",
						"type": "text/javascript",
						"exec": [
							"pm.test(\"group-id is set in environment\", function () {",
							"    pm.expect(pm.environment.get(\"group-id\"), 'group-id must be defined and not blank in the environment').to.not.equal(\"--REQUIRED-VALUE-MISSING--\");",
							"});",
							"",
							"pm.test(\"Status code is 200\", function () {",
							"    pm.response.to.have.status(200);",
							"});",
							"",
							"pm.test(\"Has at least one result\", function () {",
							"    var jsonData = pm.response.json();",
							"    pm.expect(jsonData.results).to.be.an('array').that.is.not.empty;",
							"    pm.expect(jsonData.results[0]).to.have.property('referenceId');",
							"    pm.expect(jsonData.results[0].referenceId).to.be.not.empty;",
							"});"
						]
					}
				},
				{
					"listen": "prerequest",
					"script": {
						"id": "f28b5dd6-5dd3-11e8-9c2d-fa7ae01bbebc",
						"type": "text/javascript",
						"exec": [
							"function generateAuthHeader(dataToSign){",
							"    var hash = CryptoJS.HmacSHA256(dataToSign,environment[\"api-secret\"]);",
							"    return hash.toString(CryptoJS.enc.Base64); ",
							"}",
							"",
							"function isEnvValuePopulated(envVal) {",
							"    if (_.isEmpty(pm.environment.get(envVal))) {",
							"        pm.environment.set(envVal, \"--REQUIRED-VALUE-MISSING--\");",
							"        return false;",
							"    } else {",
							"        return true;",
							"    }",
							"}",
							"",
							"isEnvValuePopulated(\"group-id\");",
							"",
							"var date = new Date().toGMTString();",
							"var content = request.data;",
							"content = content.replace(\"{{group-id}}\", environment[\"group-id\"]);",
							"",
							"var contentLength = unescape(encodeURIComponent(content)).length;",
							"",
							"var dataToSign = \"(request-target): post \" + environment[\"zfs-gateway-url\"] + \"cases/screeningRequest\\n\" +",
							"        \"host: \" + environment[\"zfs-gateway-host\"] + \"\\n\" +",
							"        \"date: \" + date + \"\\n\" +",
							"        \"content-type: \" + environment[\"content\"] +\"\\n\" + ",
							"        \"content-length: \" + contentLength;",
							"var hmac = generateAuthHeader(dataToSign);",
							"var authorisation = \"Signature keyId=\\\"\" + environment[\"api-key\"] + \"\\\",algorithm=\\\"hmac-sha256\\\",headers=\\\"(request-target) host date content-type content-length\\\",signature=\\\"\" + hmac + \"\\\"\";",
							"",
							"postman.setEnvironmentVariable(\"authorisation\",authorisation);",
							"postman.setEnvironmentVariable(\"currentDate\",date);",
							"postman.setEnvironmentVariable(\"contentLength\",contentLength);",
							""
						]
					}
				}
			],
			"request": {
				"method": "POST",
				"header": [
					{
						"key": "Date",
						"value": "{{currentDate}}"
					},
					{
						"key": "Content-Type",
						"value": "application/json"
					},
					{
						"key": "Authorization",
						"value": "{{authorisation}}"
					},
					{
						"key": "Content-Length",
						"value": "{{contentLength}}"
					}
				],
				"body": {
					"mode": "raw",
					"raw": "{\n  \"groupId\":\"{{group-id}}\",\n  \"entityType\": \"INDIVIDUAL\",\n  \"providerTypes\": [\n    \"WATCHLIST\"\n  ],\n  \"name\": \"putin\",\n  \"secondaryFields\":[]\n}"
				},
				"url": {
					"raw": "{{protocol}}{{zfs-gateway-host}}{{zfs-gateway-url}}cases/screeningRequest",
					"host": [
						"{{protocol}}{{zfs-gateway-host}}{{zfs-gateway-url}}cases"
					],
					"path": [
						"screeningRequest"
					]
				},
				"description": "Perform a zero footprint synchronous screening of a new case with minimal data"
			},
			"response": []
		},
		{
			"name": "SEQ-zfs-api-zfs-case-investigate-world-check-profile: Get a World-Check profile",
			"event": [
				{
					"listen": "test",
					"script": {
						"id": "431ca76d-a2c4-4a29-88a5-e81c5c45e0a1",
						"type": "text/javascript",
						"exec": [
							"pm.test(\"worldcheck-profile-id is set in environment\", function () {",
							"    pm.expect(pm.environment.get(\"worldcheck-profile-id\"), 'worldcheck-profile-id must be defined and not blank in the environment').to.not.equal(\"--REQUIRED-VALUE-MISSING--\");",
							"});",
							"",
							"pm.test(\"Status code is 200\", function () {",
							"    pm.response.to.have.status(200);",
							"});",
							"",
							"pm.test(\"A Profile is returned\", function () {",
							"    pm.response.to.be.json;",
							"    var jsonData = pm.response.json();",
							"    pm.expect(jsonData).to.have.property('entityType');",
							"    pm.expect(jsonData.entityType).to.be.not.empty;",
							"});"
						]
					}
				},
				{
					"listen": "prerequest",
					"script": {
						"id": "62a5e779-c5b1-45cf-9f9f-9a69e2f20a44",
						"type": "text/javascript",
						"exec": [
							"function generateAuthHeader(dataToSign){",
							"    var hash = CryptoJS.HmacSHA256(dataToSign,environment[\"api-secret\"]);",
							"    return hash.toString(CryptoJS.enc.Base64); ",
							"}",
							"",
							"function isEnvValuePopulated(envVal) {",
							"    if (_.isEmpty(pm.environment.get(envVal))) {",
							"        pm.environment.set(envVal, \"--REQUIRED-VALUE-MISSING--\");",
							"        return false;",
							"    } else {",
							"        return true;",
							"    }",
							"}",
							"",
							"isEnvValuePopulated(\"worldcheck-profile-id\");",
							"var date = new Date().toGMTString();",
							"",
							"var encoded = encodeURIComponent(environment[\"worldcheck-profile-id\"]);",
							"postman.setEnvironmentVariable(\"worldcheck-profile-id-encoded\", encoded);",
							"var dataToSign = \"(request-target): get \" + environment[\"zfs-gateway-url\"] + \"reference/profile/\" + environment[\"worldcheck-profile-id-encoded\"] + \"\\n\" +",
							"        \"host: \" + environment[\"zfs-gateway-host\"] + \"\\n\" +",
							"        \"date: \" + date;",
							"var hmac = generateAuthHeader(dataToSign);",
							"var authorisation = \"Signature keyId=\\\"\" + environment[\"api-key\"] + \"\\\",algorithm=\\\"hmac-sha256\\\",headers=\\\"(request-target) host date\\\",signature=\\\"\" + hmac + \"\\\"\";",
							"",
							"postman.setEnvironmentVariable(\"authorisation\",authorisation);",
							"postman.setEnvironmentVariable(\"currentDate\",date);",
							""
						]
					}
				}
			],
			"request": {
				"method": "GET",
				"header": [
					{
						"key": "Date",
						"value": "{{currentDate}}"
					},
					{
						"key": "Authorization",
						"value": "{{authorisation}}"
					}
				],
				"body": {
					"mode": "raw",
					"raw": ""
				},
				"url": {
					"raw": "{{protocol}}{{zfs-gateway-host}}{{zfs-gateway-url}}reference/profile/{{worldcheck-profile-id-encoded}}",
					"host": [
						"{{protocol}}{{zfs-gateway-host}}{{zfs-gateway-url}}reference"
					],
					"path": [
						"profile",
						"{{worldcheck-profile-id-encoded}}"
					]
				},
				"description": "Get detailed World-Check profile data"
			},
			"response": []
		}
	],
	"event": [
		{
			"listen": "prerequest",
			"script": {
				"id": "d1067e52-1ce9-4183-8948-9249de84d971",
				"type": "text/javascript",
				"exec": [
					""
				]
			}
		},
		{
			"listen": "test",
			"script": {
				"id": "7de814d6-b52d-488e-8554-a9575d2899eb",
				"type": "text/javascript",
				"exec": [
					""
				]
			}
		}
	]
}
