{
    "id": "3a5240fb-9cd3-4b84-8b03-e4b2672cee47",
    "name": "WC1 Pilot ZFS environment",
    "values": [
        {
            "key": "api-key",
            "value": "",
            "type": "text",
            "enabled": true
        },
        {
            "key": "api-secret",
            "value": "",
            "type": "text",
            "enabled": true
        },
        {
            "key": "content",
            "value": "application/json",
            "type": "text",
            "enabled": true
        },
        {
            "key": "gateway-host",
            "value": "rms-world-check-one-api-pilot.thomsonreuters.com",
            "type": "text",
            "enabled": true
        },
        {
            "key": "zfs-gateway-host",
            "value": "zfs-world-check-one-api-pilot.thomsonreuters.com",
            "enabled": true,
            "type": "text"
        },
        {
            "key": "gateway-url",
            "value": "/v1/",
            "type": "text",
            "enabled": true
        },
        {
            "key": "zfs-gateway-url",
            "value": "/v1/",
            "type": "text",
            "enabled": true
        },
        {
            "key": "protocol",
            "value": "https://",
            "type": "text",
            "enabled": true
        },
        {
            "key": "provider-type",
            "value": "WATCHLIST",
            "type": "text",
            "enabled": true
        },
        {
            "key": "authorisation",
            "value": "",
            "type": "text",
            "enabled": true
        },
        {
            "key": "currentDate",
            "value": "",
            "type": "text",
            "enabled": true
        },
        {
            "key": "group-id",
            "value": "",
            "type": "text",
            "enabled": true
        },
        {
            "key": "contentLength",
            "value": "212",
            "type": "text",
            "enabled": true
        },
        {
            "key": "worldcheck-profile-id",
            "value": "",
            "type": "text",
            "enabled": true
        },
        {
            "key": "worldcheck-profile-id-encoded",
            "value": "",
            "type": "text",
            "enabled": true
        }
    ],
    "_postman_variable_scope": "environment",
    "_postman_exported_at": "2018-04-12T13:11:40.158Z",
    "_postman_exported_using": "Postman/6.0.10"
}
