{
	"info": {
		"_postman_id": "927a58e9-a33b-4a94-824d-1c5b96126982",
		"name": "Zero-Footprint Screening – V2",
		"description": "Sample requests to interact with available functionality provided by the Refinitiv World-Check One API Zero Footprint Screening.\n\n(C) 2018 - 2022 Refinitiv. All rights reserved. Republication or redistribution of Refinitiv content, including by framing or similar means, is prohibited without the prior written consent of Refinitiv. 'Refinitiv' and the Refinitiv logo are registered trademarks and trademarks of Refinitiv and its affiliated companies.\n",
		"schema": "https://schema.getpostman.com/json/collection/v2.1.0/collection.json"
	},
	"item": [
		{
			"name": "Reference Endpoints",
			"item": [
				{
					"name": "SEQ-pre-country-list: Get the ISO country list",
					"event": [
						{
							"listen": "test",
							"script": {
								"exec": [
									"pm.test(\"Status code is 200\", function () {",
									"    pm.response.to.have.status(200);",
									"});",
									"",
									"pm.test(\"Contains 'Aruba'\", function () {",
									"    pm.response.to.be.json;",
									"    var jsonData = pm.response.json();",
									"    pm.expect(jsonData).to.have.a.property('ABW');",
									"    pm.expect(jsonData['ABW']).to.eql(\"Aruba\");",
									"});",
									"pm.test(\"Contains 'Cambodia'\", function () {",
									"    var jsonData = pm.response.json();",
									"    pm.expect(jsonData).to.have.a.property('KHM');",
									"    pm.expect(jsonData['KHM']).to.eql(\"Cambodia\");",
									"});",
									""
								],
								"type": "text/javascript"
							}
						},
						{
							"listen": "prerequest",
							"script": {
								"exec": [
									""
								],
								"type": "text/javascript"
							}
						}
					],
					"request": {
						"method": "GET",
						"header": [
							{
								"key": "Date",
								"value": "{{currentDate}}"
							},
							{
								"key": "Authorization",
								"value": "{{authorisation}}"
							}
						],
						"url": {
							"raw": "{{protocol}}{{gateway-host}}{{gateway-url}}reference/countries",
							"host": [
								"{{protocol}}{{gateway-host}}{{gateway-url}}reference"
							],
							"path": [
								"countries"
							]
						},
						"description": "Fetch the ISO country list to use when providing case secondary fields related to countries/locations."
					},
					"response": []
				}
			]
		},
		{
			"name": "Group Information",
			"item": [
				{
					"name": "SEQ-pre-groups: Get my top-level groups",
					"event": [
						{
							"listen": "test",
							"script": {
								"exec": [
									"pm.test(\"Status code is 200\", function () {",
									"    pm.response.to.have.status(200);",
									"});",
									"",
									"pm.test(\"Could retrieve the groupId from response\", function () {",
									"    pm.response.to.be.json;",
									"    var jsonData = pm.response.json();",
									"    pm.expect(jsonData).to.have.lengthOf.at.least(1);",
									"    pm.expect(jsonData[0]).to.have.a.property('id');",
									"    pm.expect(jsonData[0].id).to.be.not.empty;",
									"});"
								],
								"type": "text/javascript"
							}
						},
						{
							"listen": "prerequest",
							"script": {
								"exec": [
									""
								],
								"type": "text/javascript"
							}
						}
					],
					"request": {
						"method": "GET",
						"header": [
							{
								"key": "Date",
								"value": "{{currentDate}}"
							},
							{
								"key": "Authorization",
								"value": "{{authorisation}}"
							}
						],
						"url": {
							"raw": "{{protocol}}{{gateway-host}}{{gateway-url}}groups",
							"host": [
								"{{protocol}}{{gateway-host}}{{gateway-url}}groups"
							]
						},
						"description": "Fetch the root groups accessible to my API user"
					},
					"response": []
				},
				{
					"name": "SEQ-pre-group: Get a specific group by ID",
					"event": [
						{
							"listen": "test",
							"script": {
								"exec": [
									"pm.test(\"group-id is set in environment\", function () {",
									"    pm.expect(pm.environment.get(\"group-id\"), 'group-id must be defined and not blank in the environment').to.not.equal(\"--REQUIRED-VALUE-MISSING--\");",
									"});",
									"",
									"pm.test(\"Status code is 200\", function () {",
									"    pm.response.to.have.status(200);",
									"});",
									"",
									"pm.test(\"Could retrieve the group id from response\", function () {",
									"    pm.response.to.be.json;",
									"    var jsonData = pm.response.json();",
									"    pm.expect(jsonData).to.have.a.property('id');",
									"    pm.expect(jsonData.id).to.be.not.empty;",
									"});"
								],
								"type": "text/javascript"
							}
						},
						{
							"listen": "prerequest",
							"script": {
								"exec": [
									""
								],
								"type": "text/javascript"
							}
						}
					],
					"request": {
						"method": "GET",
						"header": [
							{
								"key": "Date",
								"value": "{{currentDate}}"
							},
							{
								"key": "Authorization",
								"value": "{{authorisation}}"
							}
						],
						"url": {
							"raw": "{{protocol}}{{gateway-host}}{{gateway-url}}groups/{{group-id}}",
							"host": [
								"{{protocol}}{{gateway-host}}{{gateway-url}}groups"
							],
							"path": [
								"{{group-id}}"
							]
						},
						"description": "Traverse down the group hierarchy to determine the full group tree accessible to my API user."
					},
					"response": []
				},
				{
					"name": "SEQ-pre-group-case-template: Get the case template for a group",
					"event": [
						{
							"listen": "test",
							"script": {
								"exec": [
									"pm.test(\"group-id is set in environment\", function () {",
									"    pm.expect(pm.environment.get(\"group-id\"), 'group-id must be defined and not blank in the environment').to.not.equal(\"--REQUIRED-VALUE-MISSING--\");",
									"});",
									"",
									"pm.test(\"Status code is 200\", function () {",
									"    pm.response.to.have.status(200);",
									"});",
									"",
									"pm.test(\"Could retrieve the groupId from response\", function () {",
									"    pm.response.to.be.json;",
									"    var jsonData = pm.response.json();",
									"    pm.expect(jsonData).to.have.a.property('groupId');",
									"    pm.expect(jsonData.groupId).is.not.empty;",
									"});",
									"",
									""
								],
								"type": "text/javascript"
							}
						},
						{
							"listen": "prerequest",
							"script": {
								"exec": [
									""
								],
								"type": "text/javascript"
							}
						}
					],
					"request": {
						"method": "GET",
						"header": [
							{
								"key": "Date",
								"value": "{{currentDate}}"
							},
							{
								"key": "Authorization",
								"value": "{{authorisation}}"
							}
						],
						"url": {
							"raw": "{{protocol}}{{gateway-host}}{{gateway-url}}groups/{{group-id}}/caseTemplate",
							"host": [
								"{{protocol}}{{gateway-host}}{{gateway-url}}groups"
							],
							"path": [
								"{{group-id}}",
								"caseTemplate"
							]
						},
						"description": "Find out what fields are available/required when entering cases into a specific group"
					},
					"response": []
				}
			]
		},
		{
			"name": "Screening Cases",
			"item": [
				{
					"name": "SEQ-zfs-api-sync-screen-simple: Perform Zero Footprint Synchronous Screening: Simple",
					"event": [
						{
							"listen": "test",
							"script": {
								"exec": [
									"pm.test(\"group-id is set in environment\", function () {",
									"    pm.expect(pm.environment.get(\"group-id\"), 'group-id must be defined and not blank in the environment').to.not.equal(\"--REQUIRED-VALUE-MISSING--\");",
									"});",
									"",
									"pm.test(\"Status code is 200\", function () {",
									"    pm.response.to.have.status(200);",
									"});",
									"",
									"pm.test(\"Has at least one result\", function () {",
									"    var jsonData = pm.response.json();",
									"    pm.expect(jsonData.results).to.be.an('array').that.is.not.empty;",
									"    pm.expect(jsonData.results[0]).to.have.property('referenceId');",
									"    pm.expect(jsonData.results[0].referenceId).to.be.not.empty;",
									"});"
								],
								"type": "text/javascript"
							}
						},
						{
							"listen": "prerequest",
							"script": {
								"exec": [
									""
								],
								"type": "text/javascript"
							}
						}
					],
					"request": {
						"method": "POST",
						"header": [
							{
								"key": "Date",
								"value": "{{currentDate}}"
							},
							{
								"key": "Content-Type",
								"value": "application/json"
							},
							{
								"key": "Authorization",
								"value": "{{authorisation}}"
							},
							{
								"key": "Content-Length",
								"value": "{{contentLength}}"
							}
						],
						"body": {
							"mode": "raw",
							"raw": "{\n    \"groupId\": \"{{group-id}}\",\n    \"entityType\": \"INDIVIDUAL\",\n    \"providerTypes\": [\n        \"WATCHLIST\"\n    ],\n    \"name\": \"putin\",\n    \"secondaryFields\": []\n}"
						},
						"url": {
							"raw": "{{protocol}}{{gateway-host}}{{gateway-url}}cases/screeningRequest",
							"host": [
								"{{protocol}}{{gateway-host}}{{gateway-url}}cases"
							],
							"path": [
								"screeningRequest"
							]
						},
						"description": "Perform a zero footprint synchronous screening of a new case with minimal data"
					},
					"response": []
				}
			]
		},
		{
			"name": "World-Check Record",
			"item": [
				{
					"name": "SEQ-zfs-api-zfs-case-investigate-world-check-record: Get a World-Check record",
					"event": [
						{
							"listen": "test",
							"script": {
								"exec": [
									"pm.test(\"worldcheck-record-id is set in environment\", function () {",
									"    pm.expect(pm.environment.get(\"worldcheck-record-id\"), 'worldcheck-record-id must be defined and not blank in the environment').to.not.equal(\"--REQUIRED-VALUE-MISSING--\");",
									"});",
									"",
									"pm.test(\"Status code is 200\", function () {",
									"    pm.response.to.have.status(200);",
									"});",
									"",
									"var jsonData = pm.response.json();",
									"",
									"pm.test(\"A Record is returned\", function () {",
									"    pm.response.to.be.json;",
									"    pm.expect(jsonData).to.have.property('entityType');",
									"    pm.expect(jsonData.entityType).to.be.not.empty;",
									"});",
									"",
									"pm.test(\"Should contain associates field\", function () {",
									"    pm.response.to.be.json;",
									"    pm.expect(jsonData).to.have.property('associates');",
									"});"
								],
								"type": "text/javascript"
							}
						},
						{
							"listen": "prerequest",
							"script": {
								"exec": [
									""
								],
								"type": "text/javascript"
							}
						}
					],
					"request": {
						"method": "GET",
						"header": [
							{
								"key": "Date",
								"value": "{{currentDate}}"
							},
							{
								"key": "Authorization",
								"value": "{{authorisation}}"
							}
						],
						"url": {
							"raw": "{{protocol}}{{gateway-host}}{{gateway-url}}reference/records/{{worldcheck-record-id-encoded}}",
							"host": [
								"{{protocol}}{{gateway-host}}{{gateway-url}}reference"
							],
							"path": [
								"records",
								"{{worldcheck-record-id-encoded}}"
							]
						},
						"description": "Get detailed World-Check record data"
					},
					"response": []
				}
			]
		},
		{
			"name": "Internal Watchlist",
			"item": [
				{
					"name": "SEQ-watchlist-update-provider-source: Create or update provider sources",
					"event": [
						{
							"listen": "prerequest",
							"script": {
								"exec": [
									""
								],
								"type": "text/javascript"
							}
						},
						{
							"listen": "test",
							"script": {
								"exec": [
									"pm.test(\"provider-source-identifier is set in environment\", function () {",
									"    pm.expect(pm.environment.get(\"provider-source-identifier\"), 'provider-source-identifier must be defined and not blank in the environment').to.not.equal(\"--REQUIRED-VALUE-MISSING--\");",
									"});",
									"",
									"pm.test(\"Status code is 204\", function () {",
									"    pm.response.to.have.status(204);",
									"});"
								],
								"type": "text/javascript"
							}
						}
					],
					"request": {
						"method": "PUT",
						"header": [
							{
								"key": "Content-Type",
								"name": "Content-Type",
								"value": "application/json",
								"type": "text"
							},
							{
								"key": "Content-Length",
								"value": "{{contentLength}}"
							},
							{
								"key": "Authorization",
								"value": "{{authorisation}}"
							},
							{
								"key": "Date",
								"value": "{{currentDate}}"
							}
						],
						"body": {
							"mode": "raw",
							"raw": "{\n    \"identifier\": \"{{provider-source-identifier}}\",\n    \"abbreviation\": \"UKNCA\",\n    \"name\": \"client_watchlist_name\",\n    \"providerSourceStatus\": \"ACTIVE\",\n    \"type\": {}\n}",
							"options": {
								"raw": {
									"language": "json"
								}
							}
						},
						"url": {
							"raw": "{{protocol}}{{gateway-host}}{{gateway-url}}reference/providers/sources/{{provider-source-identifier}}",
							"host": [
								"{{protocol}}{{gateway-host}}{{gateway-url}}reference"
							],
							"path": [
								"providers",
								"sources",
								"{{provider-source-identifier}}"
							]
						},
						"description": "Allows external clients to create or update provider sources."
					},
					"response": []
				},
				{
					"name": "SEQ-watchlist-maintain-purge: Maintain Watchlist data: Purge",
					"event": [
						{
							"listen": "prerequest",
							"script": {
								"exec": [
									""
								],
								"type": "text/javascript"
							}
						},
						{
							"listen": "test",
							"script": {
								"exec": [
									"pm.test(\"entity-id-organisation is set in environment\", function () {",
									"    pm.expect(pm.environment.get(\"entity-id-organisation\"), 'entity-id-organisation must be defined and not blank in the environment').to.not.equal(\"--REQUIRED-VALUE-MISSING--\");",
									"});",
									"",
									"pm.test(\"Status code is 201\", function () {",
									"    pm.response.to.have.status(201);",
									"});",
									"",
									"pm.test(\"Response contains no errors\", function () {",
									"    pm.response.to.be.json;",
									"    var jsonData = pm.response.json();",
									"    pm.expect(jsonData.errors).to.be.empty;",
									"});"
								],
								"type": "text/javascript"
							}
						}
					],
					"request": {
						"method": "POST",
						"header": [
							{
								"key": "Content-Length",
								"value": "{{contentLength}}"
							},
							{
								"key": "Authorization",
								"value": "{{authorisation}}"
							},
							{
								"key": "Date",
								"value": "{{currentDate}}"
							},
							{
								"key": "Content-Type",
								"value": "application/json"
							}
						],
						"body": {
							"mode": "raw",
							"raw": "{\n    \"entityPurge\": [\n        {\n            \"entityId\": \"{{entity-id-organisation}}\"\n        }\n    ]\n}"
						},
						"url": {
							"raw": "{{protocol}}{{gateway-host}}{{gateway-url}}reference/watchlist",
							"host": [
								"{{protocol}}{{gateway-host}}{{gateway-url}}reference"
							],
							"path": [
								"watchlist"
							]
						},
						"description": "Maintain your Watchlist data"
					},
					"response": []
				},
				{
					"name": "SEQ-watchlist-maintain-delete: Maintain Watchlist data: Delete multiple",
					"event": [
						{
							"listen": "prerequest",
							"script": {
								"exec": [
									""
								],
								"type": "text/javascript"
							}
						},
						{
							"listen": "test",
							"script": {
								"exec": [
									"pm.test(\"entity-id-individual-1 is set in environment\", function () {",
									"    pm.expect(pm.environment.get(\"entity-id-individual-1\"), 'entity-id-individual-1 must be defined and not blank in the environment').to.not.equal(\"--REQUIRED-VALUE-MISSING--\");",
									"});",
									"",
									"pm.test(\"entity-id-individual-2 is set in environment\", function () {",
									"    pm.expect(pm.environment.get(\"entity-id-individual-2\"), 'entity-id-individual-2 must be defined and not blank in the environment').to.not.equal(\"--REQUIRED-VALUE-MISSING--\");",
									"});",
									"",
									"pm.test(\"entity-id-organisation is set in environment\", function () {",
									"    pm.expect(pm.environment.get(\"entity-id-organisation\"), 'entity-id-organisation must be defined and not blank in the environment').to.not.equal(\"--REQUIRED-VALUE-MISSING--\");",
									"});",
									"",
									"pm.test(\"entity-id-vessel is set in environment\", function () {",
									"    pm.expect(pm.environment.get(\"entity-id-vessel\"), 'entity-id-vessel must be defined and not blank in the environment').to.not.equal(\"--REQUIRED-VALUE-MISSING--\");",
									"});",
									"",
									"pm.test(\"Status code is 201\", function () {",
									"    pm.response.to.have.status(201);",
									"});",
									"",
									"pm.test(\"Response contains no errors\", function () {",
									"    pm.response.to.be.json;",
									"    var jsonData = pm.response.json();",
									"    pm.expect(jsonData.errors).to.be.empty;",
									"});"
								],
								"type": "text/javascript"
							}
						}
					],
					"request": {
						"method": "POST",
						"header": [
							{
								"key": "Content-Length",
								"value": "{{contentLength}}"
							},
							{
								"key": "Authorization",
								"value": "{{authorisation}}"
							},
							{
								"key": "Date",
								"value": "{{currentDate}}"
							},
							{
								"key": "Content-Type",
								"value": "application/json"
							}
						],
						"body": {
							"mode": "raw",
							"raw": "{\n    \"entityDelete\": [\n        {\n            \"entityId\": \"{{entity-id-individual-1}}\"\n        },\n        {\n            \"entityId\": \"{{entity-id-individual-2}}\"\n        },\n        {\n            \"entityId\": \"{{entity-id-organisation}}\"\n        },\n        {\n            \"entityId\": \"{{entity-id-vessel}}\"\n        }\n    ]\n}"
						},
						"url": {
							"raw": "{{protocol}}{{gateway-host}}{{gateway-url}}reference/watchlist",
							"host": [
								"{{protocol}}{{gateway-host}}{{gateway-url}}reference"
							],
							"path": [
								"watchlist"
							]
						},
						"description": "Maintain your Watchlist data"
					},
					"response": []
				},
				{
					"name": "SEQ-watchlist-maintain-vessel: Maintain Watchlist data: Vessel",
					"event": [
						{
							"listen": "prerequest",
							"script": {
								"exec": [
									""
								],
								"type": "text/javascript"
							}
						},
						{
							"listen": "test",
							"script": {
								"exec": [
									"pm.test(\"entity-id-vessel is set in environment\", function () {",
									"    pm.expect(pm.environment.get(\"entity-id-vessel\"), 'entity-id-vessel must be defined and not blank in the environment').to.not.equal(\"--REQUIRED-VALUE-MISSING--\");",
									"});",
									"",
									"pm.test(\"external-import-id-vessel is set in environment\", function () {",
									"    pm.expect(pm.environment.get(\"external-import-id-vessel\"), 'external-import-id-vessel must be defined and not blank in the environment').to.not.equal(\"--REQUIRED-VALUE-MISSING--\");",
									"});",
									"",
									"pm.test(\"provider-source-identifier is set in environment\", function () {",
									"    pm.expect(pm.environment.get(\"provider-source-identifier\"), 'provider-source-identifier must be defined and not blank in the environment').to.not.equal(\"--REQUIRED-VALUE-MISSING--\");",
									"});",
									"",
									"pm.test(\"Status code is 201\", function () {",
									"    pm.response.to.have.status(201);",
									"});",
									"",
									"pm.test(\"Response contains no errors\", function () {",
									"    pm.response.to.be.json;",
									"    var jsonData = pm.response.json();",
									"    pm.expect(jsonData.errors).to.be.empty;",
									"});"
								],
								"type": "text/javascript"
							}
						}
					],
					"request": {
						"method": "POST",
						"header": [
							{
								"key": "Content-Length",
								"value": "{{contentLength}}"
							},
							{
								"key": "Authorization",
								"value": "{{authorisation}}"
							},
							{
								"key": "Date",
								"value": "{{currentDate}}"
							},
							{
								"key": "Content-Type",
								"value": "application/json"
							}
						],
						"body": {
							"mode": "raw",
							"raw": "{\n    \"entityCreateOrUpdate\": [\n        {\n            \"addresses\": [\n                {\n                    \"city\": \"Monterey Park\",\n                    \"country\": {\n                        \"code\": \"USA\",\n                        \"name\": \"UNITED STATES\"\n                    },\n                    \"postCode\": \"AS003\",\n                    \"region\": \"California\",\n                    \"street\": \"Street\"\n                }\n            ],\n            \"category\": \"VESSEL\",\n            \"countryLinks\": [\n                {\n                    \"country\": {\n                        \"code\": \"HKG\",\n                        \"name\": \"HONG KONG\"\n                    },\n                    \"countryText\": \"HONG KONG\",\n                    \"type\": \"VESSELFLAG\"\n                },\n                {\n                    \"country\": {\n                        \"code\": \"CAN\",\n                        \"name\": \"CANADA\"\n                    },\n                    \"countryText\": \"CAN\",\n                    \"type\": \"VESSELFLAG\"\n                }\n            ],\n            \"creationDate\": \"2018-02-01T09:46:00Z\",\n            \"details\": [\n                {\n                    \"detailType\": \"BIOGRAPHY\",\n                    \"text\": \"Lorem ipsum dolor sit amet, consectetuer adipiscing elit. Aenean commodo ligula eget dolor. Aenean massa. Cum sociis natoque penatibus et magnis dis parturient montes, nascetur ridiculus mus. Donec quam felis, ultricies nec, pellentesque eu, pretium quis, sem. Nulla consequat massa quis enim.\",\n                    \"title\": \"BIOGRAPHY\"\n                },\n                {\n                    \"detailType\": \"FUNDING\",\n                    \"text\": \"Lorem ipsum dolor sit amet, consectetuer adipiscing elit. Aenean commodo ligula eget dolor. Aenean massa. Cum sociis natoque penatibus et magnis dis parturient montes, nascetur ridiculus mus. Donec quam felis, ultricies nec, pellentesque eu, pretium quis, sem. Nulla consequat massa quis enim. Donec pede justo, fringilla vel, aliquet nec, vulputate eget, arcu. In enim justo, rhoncus ut, imperdiet a, venenatis vitae, justo. \",\n                    \"title\": \"FUNDING\"\n                },\n                {\n                    \"detailType\": \"IDENTIFICATION\",\n                    \"text\": \"Lorem ipsum dolor sit amet, consectetuer adipiscing elit. Aenean commodo ligula eget dolor. Aenean massa. Cum sociis natoque penatibus et magnis dis parturient montes, nascetur ridiculus mus. Donec quam felis, ultricies nec, pellentesque eu, pretium quis, sem. Nulla consequat massa quis enim. \",\n                    \"title\": \"IDENTIFICATION\"\n                },\n                {\n                    \"detailType\": \"NOTE\",\n                    \"text\": \"Lorem ipsum dolor sit amet, consectetuer adipiscing elit. Aenean commodo ligula eget dolor. Aenean massa. Cum sociis natoque penatibus et magnis dis parturient montes, nascetur ridiculus mus. Donec quam felis, ultricies nec, pellentesque eu, pretium quis, sem. Nulla consequat massa quis enim.\",\n                    \"title\": \"NOTE\"\n                },\n                {\n                    \"detailType\": \"REPORTS\",\n                    \"text\": \" Lorem ipsum dolor sit amet, consectetuer adipiscing elit. Aenean commodo ligula eget dolor. Aenean massa. Cum sociis natoque penatibus et magnis dis parturient montes, nascetur ridiculus mus. Donec quam felis, ultricies nec, pellentesque eu, pretium quis, sem. Nulla consequat massa quis enim. Donec pede justo, fringilla vel, aliquet nec, vulputate eget, arcu. \",\n                    \"title\": \"REPORTS\"\n                },\n                {\n                    \"detailType\": \"REGULATION\",\n                    \"text\": \" Lorem ipsum dolor sit amet, consectetuer adipiscing elit. Aenean commodo ligula eget dolor. Aenean massa. Cum sociis natoque penatibus et magnis dis parturient montes, nascetur ridiculus mus. Donec quam felis, ultricies nec, pellentesque eu, pretium quis, sem. Nulla consequat massa quis enim. Donec pede justo, fringilla vel, aliquet nec, vulputate eget, arcu. \",\n                    \"title\": \"REGULATION\"\n                },\n                {\n                    \"detailType\": \"SANCTION\",\n                    \"text\": \" Lorem ipsum dolor sit amet, consectetuer adipiscing elit. Aenean commodo ligula eget dolor. Aenean massa. Cum sociis natoque penatibus et magnis dis parturient montes, nascetur ridiculus mus. Donec quam felis, ultricies nec, pellentesque eu, pretium quis, sem. Nulla consequat massa quis enim. Donec pede justo, fringilla vel, aliquet nec, vulputate eget, arcu. \",\n                    \"title\": \"SANCTION\"\n                },\n                {\n                    \"detailType\": \"UNKNOWN\",\n                    \"text\": \"Lorem ipsum dolor sit amet, consectetuer adipiscing elit. Aenean commodo ligula eget dolor. Aenean massa. Cum sociis natoque penatibus et magnis dis parturient montes, nascetur ridiculus mus. Donec quam felis, ultricies nec, pellentesque eu, pretium quis, sem. Nulla consequat massa quis enim. Donec pede justo, fringilla vel, aliquet nec, vulputate eget, arcu. \",\n                    \"title\": \"UNKNOWN\"\n                }\n            ],\n            \"entityId\": \"{{entity-id-vessel}}\",\n            \"entityType\": \"VESSEL\",\n            \"externalImportId\": \"{{external-import-id-vessel}}\",\n            \"identityDocuments\": [\n                {\n                    \"entity\": null,\n                    \"expiryDate\": null,\n                    \"issueDate\": null,\n                    \"issuer\": null,\n                    \"locationType\": {\n                        \"country\": {\n                            \"code\": \"QQQ\",\n                            \"name\": \"INTERNATIONAL\"\n                        },\n                        \"name\": \"IMO REGISTRATION NUMBER\",\n                        \"type\": \"INT-IMO\"\n                    },\n                    \"number\": \"8514772\",\n                    \"type\": \"IMO REGISTRATION NUMBER\"\n                }\n            ],\n            \"imo\": \"8514772\",\n            \"names\": [\n                {\n                    \"fullName\": \"Belves\",\n                    \"type\": \"PRIMARY\"\n                },\n                {\n                    \"fullName\": \"Bel Ves\",\n                    \"type\": \"NATIVE_AKA\"\n                },\n                {\n                    \"fullName\": \"Belarus vessel\",\n                    \"type\": \"LOW_QUALITY_AKA\"\n                },\n                {\n                    \"fullName\": \"Bel Vessel\",\n                    \"givenName\": \"Bel\",\n                    \"languageCode\": null,\n                    \"lastName\": \"Vessel\",\n                    \"prefix\": null,\n                    \"suffix\": null,\n                    \"type\": \"AKA\"\n                }\n            ],\n            \"sources\": [\n                {\n                    \"abbreviation\": \"UKNCA\",\n                    \"identifier\": \"{{provider-source-identifier}}\",\n                    \"name\": \"client_watchlist_name\",\n                    \"providerSourceStatus\": \"ACTIVE\",\n                    \"type\": {}\n                }\n            ],\n            \"updateCategory\": \"UNKNOWN\",\n            \"weblinks\": [\n                {\n                    \"caption\": \"Vessel Search\",\n                    \"uri\": \"http://iuu-vessels.org/iuu/iuu/search\"\n                },\n                {\n                    \"caption\": null,\n                    \"uri\": \"http://iuu-vessels.org/iuu/iuu/vessel?uid=632\"\n                }\n            ]\n        }\n    ]\n}"
						},
						"url": {
							"raw": "{{protocol}}{{gateway-host}}{{gateway-url}}reference/watchlist",
							"host": [
								"{{protocol}}{{gateway-host}}{{gateway-url}}reference"
							],
							"path": [
								"watchlist"
							]
						},
						"description": "Maintain your Watchlist data"
					},
					"response": []
				},
				{
					"name": "SEQ-watchlist-maintain-organisation: Maintain Watchlist data: Organisation",
					"event": [
						{
							"listen": "prerequest",
							"script": {
								"exec": [
									""
								],
								"type": "text/javascript"
							}
						},
						{
							"listen": "test",
							"script": {
								"exec": [
									"pm.test(\"entity-id-organisation is set in environment\", function () {",
									"    pm.expect(pm.environment.get(\"entity-id-organisation\"), 'entity-id-organisation must be defined and not blank in the environment').to.not.equal(\"--REQUIRED-VALUE-MISSING--\");",
									"});",
									"",
									"pm.test(\"external-import-id-organisation is set in environment\", function () {",
									"    pm.expect(pm.environment.get(\"external-import-id-organisation\"), 'external-import-id-organisation must be defined and not blank in the environment').to.not.equal(\"--REQUIRED-VALUE-MISSING--\");",
									"});",
									"",
									"pm.test(\"provider-source-identifier is set in environment\", function () {",
									"    pm.expect(pm.environment.get(\"provider-source-identifier\"), 'provider-source-identifier must be defined and not blank in the environment').to.not.equal(\"--REQUIRED-VALUE-MISSING--\");",
									"});",
									"",
									"pm.test(\"Status code is 201\", function () {",
									"    pm.response.to.have.status(201);",
									"});",
									"",
									"pm.test(\"Response contains no errors\", function () {",
									"    pm.response.to.be.json;",
									"    var jsonData = pm.response.json();",
									"    pm.expect(jsonData.errors).to.be.empty;",
									"});"
								],
								"type": "text/javascript"
							}
						}
					],
					"request": {
						"method": "POST",
						"header": [
							{
								"key": "Content-Length",
								"value": "{{contentLength}}"
							},
							{
								"key": "Authorization",
								"value": "{{authorisation}}"
							},
							{
								"key": "Date",
								"value": "{{currentDate}}"
							},
							{
								"key": "Content-Type",
								"value": "application/json"
							}
						],
						"body": {
							"mode": "raw",
							"raw": "{\n    \"entityCreateOrUpdate\": [\n        {\n            \"addresses\": [\n                {\n                    \"city\": \"Monterey Park\",\n                    \"country\": {\n                        \"code\": \"BLR\",\n                        \"name\": \"Belarus\"\n                    },\n                    \"postCode\": \"BL003\",\n                    \"region\": \"Pushkin\",\n                    \"street\": \"Street\"\n                }\n            ],\n            \"category\": \"CORPORATE\",\n            \"countryLinks\": [\n                {\n                    \"country\": {\n                        \"code\": \"HKG\",\n                        \"name\": \"HONG KONG\"\n                    },\n                    \"countryText\": \"HONG KONG\",\n                    \"type\": \"REGISTEREDIN\"\n                },\n                {\n                    \"country\": {\n                        \"code\": \"CAN\",\n                        \"name\": \"CANADA\"\n                    },\n                    \"countryText\": \"CAN\",\n                    \"type\": \"REGISTEREDIN\"\n                }\n            ],\n            \"creationDate\": \"2018-02-01T09:46:00Z\",\n            \"details\": [\n                {\n                    \"detailType\": \"BIOGRAPHY\",\n                    \"text\": \"Lorem ipsum dolor sit amet, consectetuer adipiscing elit. Aenean commodo ligula eget dolor. Aenean massa. Cum sociis natoque penatibus et magnis dis parturient montes, nascetur ridiculus mus. Donec quam felis, ultricies nec, pellentesque eu, pretium quis, sem. Nulla consequat massa quis enim.\",\n                    \"title\": \"BIOGRAPHY\"\n                },\n                {\n                    \"detailType\": \"FUNDING\",\n                    \"text\": \"Lorem ipsum dolor sit amet, consectetuer adipiscing elit. Aenean commodo ligula eget dolor. Aenean massa. Cum sociis natoque penatibus et magnis dis parturient montes, nascetur ridiculus mus. Donec quam felis, ultricies nec, pellentesque eu, pretium quis, sem. Nulla consequat massa quis enim. Donec pede justo, fringilla vel, aliquet nec, vulputate eget, arcu. In enim justo, rhoncus ut, imperdiet a, venenatis vitae, justo. \",\n                    \"title\": \"FUNDING\"\n                },\n                {\n                    \"detailType\": \"IDENTIFICATION\",\n                    \"text\": \"Lorem ipsum dolor sit amet, consectetuer adipiscing elit. Aenean commodo ligula eget dolor. Aenean massa. Cum sociis natoque penatibus et magnis dis parturient montes, nascetur ridiculus mus. Donec quam felis, ultricies nec, pellentesque eu, pretium quis, sem. Nulla consequat massa quis enim. \",\n                    \"title\": \"IDENTIFICATION\"\n                },\n                {\n                    \"detailType\": \"NOTE\",\n                    \"text\": \"Lorem ipsum dolor sit amet, consectetuer adipiscing elit. Aenean commodo ligula eget dolor. Aenean massa. Cum sociis natoque penatibus et magnis dis parturient montes, nascetur ridiculus mus. Donec quam felis, ultricies nec, pellentesque eu, pretium quis, sem. Nulla consequat massa quis enim.\",\n                    \"title\": \"NOTE\"\n                },\n                {\n                    \"detailType\": \"REPORTS\",\n                    \"text\": \" Lorem ipsum dolor sit amet, consectetuer adipiscing elit. Aenean commodo ligula eget dolor. Aenean massa. Cum sociis natoque penatibus et magnis dis parturient montes, nascetur ridiculus mus. Donec quam felis, ultricies nec, pellentesque eu, pretium quis, sem. Nulla consequat massa quis enim. Donec pede justo, fringilla vel, aliquet nec, vulputate eget, arcu. \",\n                    \"title\": \"REPORTS\"\n                },\n                {\n                    \"detailType\": \"REGULATION\",\n                    \"text\": \" Lorem ipsum dolor sit amet, consectetuer adipiscing elit. Aenean commodo ligula eget dolor. Aenean massa. Cum sociis natoque penatibus et magnis dis parturient montes, nascetur ridiculus mus. Donec quam felis, ultricies nec, pellentesque eu, pretium quis, sem. Nulla consequat massa quis enim. Donec pede justo, fringilla vel, aliquet nec, vulputate eget, arcu. \",\n                    \"title\": \"REGULATION\"\n                },\n                {\n                    \"detailType\": \"SANCTION\",\n                    \"text\": \" Lorem ipsum dolor sit amet, consectetuer adipiscing elit. Aenean commodo ligula eget dolor. Aenean massa. Cum sociis natoque penatibus et magnis dis parturient montes, nascetur ridiculus mus. Donec quam felis, ultricies nec, pellentesque eu, pretium quis, sem. Nulla consequat massa quis enim. Donec pede justo, fringilla vel, aliquet nec, vulputate eget, arcu. \",\n                    \"title\": \"SANCTION\"\n                },\n                {\n                    \"detailType\": \"UNKNOWN\",\n                    \"text\": \"Lorem ipsum dolor sit amet, consectetuer adipiscing elit. Aenean commodo ligula eget dolor. Aenean massa. Cum sociis natoque penatibus et magnis dis parturient montes, nascetur ridiculus mus. Donec quam felis, ultricies nec, pellentesque eu, pretium quis, sem. Nulla consequat massa quis enim. Donec pede justo, fringilla vel, aliquet nec, vulputate eget, arcu. \",\n                    \"title\": \"UNKNOWN\"\n                }\n            ],\n            \"entityId\": \"{{entity-id-organisation}}\",\n            \"entityType\": \"ORGANISATION\",\n            \"externalImportId\": \"{{external-import-id-organisation}}\",\n            \"identityDocuments\": [\n                {\n                    \"entity\": null,\n                    \"expiryDate\": null,\n                    \"issueDate\": null,\n                    \"issuer\": null,\n                    \"locationType\": {\n                        \"country\": {\n                            \"code\": \"BRA\",\n                            \"name\": \"BRAZIL\"\n                        },\n                        \"name\": \"CADASTRO NACIONAL DE PESSOAS JURIDICAS - COMPANY REGISTRATION NUMBER\",\n                        \"type\": \"BR-CNPJ\"\n                    },\n                    \"number\": \"05.941.263/0001-19\",\n                    \"type\": \"BR-CNPJN\"\n                }\n            ],\n            \"names\": [\n                {\n                    \"fullName\": \"Marko\",\n                    \"type\": \"PRIMARY\"\n                },\n                {\n                    \"fullName\": \"Marko Bel\",\n                    \"type\": \"NATIVE_AKA\"\n                },\n                {\n                    \"fullName\": \"Belarus marko\",\n                    \"type\": \"LOW_QUALITY_AKA\"\n                },\n                {\n                    \"fullName\": \"Marko Marko Marko\",\n                    \"givenName\": \"Bel\",\n                    \"languageCode\": null,\n                    \"lastName\": \"Marko\",\n                    \"prefix\": null,\n                    \"suffix\": null,\n                    \"type\": \"AKA\"\n                }\n            ],\n            \"sources\": [\n                {\n                    \"abbreviation\": \"UKNCA\",\n                    \"identifier\": \"{{provider-source-identifier}}\",\n                    \"name\": \"client_watchlist_name\",\n                    \"providerSourceStatus\": \"ACTIVE\",\n                    \"type\": {}\n                }\n            ],\n            \"updateCategory\": \"C2\",\n            \"weblinks\": [\n                {\n                    \"caption\": \"BBC\",\n                    \"uri\": \"http://www.bbc.co.uk\"\n                },\n                {\n                    \"caption\": null,\n                    \"uri\": \"http://www.timeslive.co.za/sundaytimes/businesstimes/2017/03/23/Fruit-and-veg-suppliers-raided-by-Competition-Commission\"\n                }\n            ]\n        }\n    ]\n}"
						},
						"url": {
							"raw": "{{protocol}}{{gateway-host}}{{gateway-url}}reference/watchlist",
							"host": [
								"{{protocol}}{{gateway-host}}{{gateway-url}}reference"
							],
							"path": [
								"watchlist"
							]
						},
						"description": "Maintain your Watchlist data. This request generates a new random value for entity-id-organisation and external-import-id-organisation on each call so that they can be used in the purge example. Once an entity has been purged, the id cannot be reused so a new id is needed for each run of the collection.\nThe generated values are set in the environment for reference."
					},
					"response": []
				},
				{
					"name": "SEQ-watchlist-maintain-individual: Maintain Watchlist data: Supersede",
					"event": [
						{
							"listen": "prerequest",
							"script": {
								"exec": [
									""
								],
								"type": "text/javascript"
							}
						},
						{
							"listen": "test",
							"script": {
								"exec": [
									"pm.test(\"entity-id-individual-1 is set in environment\", function () {",
									"    pm.expect(pm.environment.get(\"entity-id-individual-1\"), 'entity-id-individual-1 must be defined and not blank in the environment').to.not.equal(\"--REQUIRED-VALUE-MISSING--\");",
									"});",
									"",
									"pm.test(\"entity-id-individual-2 is set in environment\", function () {",
									"    pm.expect(pm.environment.get(\"entity-id-individual-2\"), 'entity-id-individual-2 must be defined and not blank in the environment').to.not.equal(\"--REQUIRED-VALUE-MISSING--\");",
									"});",
									"",
									"pm.test(\"Status code is 201\", function () {",
									"    pm.response.to.have.status(201);",
									"});",
									"",
									"pm.test(\"Response contains no errors\", function () {",
									"    pm.response.to.be.json;",
									"    var jsonData = pm.response.json();",
									"    pm.expect(jsonData.errors).to.be.empty;",
									"});"
								],
								"type": "text/javascript"
							}
						}
					],
					"request": {
						"method": "POST",
						"header": [
							{
								"key": "Content-Length",
								"value": "{{contentLength}}"
							},
							{
								"key": "Authorization",
								"value": "{{authorisation}}"
							},
							{
								"key": "Date",
								"value": "{{currentDate}}"
							},
							{
								"key": "Content-Type",
								"name": "Content-Type",
								"value": "application/json",
								"type": "text"
							}
						],
						"body": {
							"mode": "raw",
							"raw": "{\n    \"entitySupersede\": [\n        {\n            \"entityId\": \"{{entity-id-individual-1}}\",\n            \"supersedingEntityId\": \"{{entity-id-individual-2}}\"\n        }\n    ]\n}",
							"options": {
								"raw": {
									"language": "json"
								}
							}
						},
						"url": {
							"raw": "{{protocol}}{{gateway-host}}{{gateway-url}}reference/watchlist",
							"host": [
								"{{protocol}}{{gateway-host}}{{gateway-url}}reference"
							],
							"path": [
								"watchlist"
							]
						},
						"description": "Maintain your Watchlist data"
					},
					"response": []
				},
				{
					"name": "SEQ-watchlist-maintain-individual: Maintain Watchlist data: Individual",
					"event": [
						{
							"listen": "prerequest",
							"script": {
								"exec": [
									""
								],
								"type": "text/javascript"
							}
						},
						{
							"listen": "test",
							"script": {
								"exec": [
									"pm.test(\"entity-id-individual-2 is set in environment\", function () {",
									"    pm.expect(pm.environment.get(\"entity-id-individual-2\"), 'entity-id-individual-2 must be defined and not blank in the environment').to.not.equal(\"--REQUIRED-VALUE-MISSING--\");",
									"});",
									"",
									"pm.test(\"external-import-id-individual-2 is set in environment\", function () {",
									"    pm.expect(pm.environment.get(\"external-import-id-individual-2\"), 'external-import-id-individual-2 must be defined and not blank in the environment').to.not.equal(\"--REQUIRED-VALUE-MISSING--\");",
									"});",
									"",
									"pm.test(\"provider-source-identifier is set in environment\", function () {",
									"    pm.expect(pm.environment.get(\"provider-source-identifier\"), 'provider-source-identifier must be defined and not blank in the environment').to.not.equal(\"--REQUIRED-VALUE-MISSING--\");",
									"});",
									"",
									"pm.test(\"Status code is 201\", function () {",
									"    pm.response.to.have.status(201);",
									"});",
									"",
									"pm.test(\"Response contains no errors\", function () {",
									"    pm.response.to.be.json;",
									"    var jsonData = pm.response.json();",
									"    pm.expect(jsonData.errors).to.be.empty;",
									"});"
								],
								"type": "text/javascript"
							}
						}
					],
					"request": {
						"method": "POST",
						"header": [
							{
								"key": "Content-Length",
								"value": "{{contentLength}}"
							},
							{
								"key": "Authorization",
								"value": "{{authorisation}}"
							},
							{
								"key": "Date",
								"value": "{{currentDate}}"
							},
							{
								"key": "Content-Type",
								"value": "application/json"
							}
						],
						"body": {
							"mode": "raw",
							"raw": "{\n    \"entityCreateOrUpdate\": [\n        {\n            \"age\": \"49\",\n            \"ageAsOfDate\": \"2018-02-01T00:00:00Z\",\n            \"addresses\": [\n                {\n                    \"city\": \"Monterey Park\",\n                    \"country\": {\n                        \"code\": \"USA\",\n                        \"name\": \"UNITED STATES\"\n                    },\n                    \"postCode\": \"AS003\",\n                    \"region\": \"California\",\n                    \"street\": \"Street\"\n                }\n            ],\n            \"category\": \"POLITICAL INDIVIDUAL\",\n            \"countryLinks\": [\n                {\n                    \"country\": {\n                        \"code\": \"USA\",\n                        \"name\": \"UNITED STATES\"\n                    },\n                    \"countryText\": \"USA\",\n                    \"type\": \"NATIONALITY\"\n                }\n            ],\n            \"creationDate\": \"2018-02-01T09:46:00Z\",\n            \"details\": [\n                {\n                    \"detailType\": \"BIOGRAPHY\",\n                    \"text\": \"Lorem ipsum dolor sit amet, consectetuer adipiscing elit. Aenean commodo ligula eget dolor. Aenean massa. Cum sociis natoque penatibus et magnis dis parturient montes, nascetur ridiculus mus. Donec quam felis, ultricies nec, pellentesque eu, pretium quis, sem. Nulla consequat massa quis enim.\",\n                    \"title\": \"BIOGRAPHY\"\n                },\n                {\n                    \"detailType\": \"FUNDING\",\n                    \"text\": \"Lorem ipsum dolor sit amet, consectetuer adipiscing elit. Aenean commodo ligula eget dolor. Aenean massa. Cum sociis natoque penatibus et magnis dis parturient montes, nascetur ridiculus mus. Donec quam felis, ultricies nec, pellentesque eu, pretium quis, sem. Nulla consequat massa quis enim. Donec pede justo, fringilla vel, aliquet nec, vulputate eget, arcu. In enim justo, rhoncus ut, imperdiet a, venenatis vitae, justo. \",\n                    \"title\": \"FUNDING\"\n                },\n                {\n                    \"detailType\": \"IDENTIFICATION\",\n                    \"text\": \"Lorem ipsum dolor sit amet, consectetuer adipiscing elit. Aenean commodo ligula eget dolor. Aenean massa. Cum sociis natoque penatibus et magnis dis parturient montes, nascetur ridiculus mus. Donec quam felis, ultricies nec, pellentesque eu, pretium quis, sem. Nulla consequat massa quis enim. \",\n                    \"title\": \"IDENTIFICATION\"\n                },\n                {\n                    \"detailType\": \"NOTE\",\n                    \"text\": \"Lorem ipsum dolor sit amet, consectetuer adipiscing elit. Aenean commodo ligula eget dolor. Aenean massa. Cum sociis natoque penatibus et magnis dis parturient montes, nascetur ridiculus mus. Donec quam felis, ultricies nec, pellentesque eu, pretium quis, sem. Nulla consequat massa quis enim.\",\n                    \"title\": \"NOTE\"\n                },\n                {\n                    \"detailType\": \"REPORTS\",\n                    \"text\": \" Lorem ipsum dolor sit amet, consectetuer adipiscing elit. Aenean commodo ligula eget dolor. Aenean massa. Cum sociis natoque penatibus et magnis dis parturient montes, nascetur ridiculus mus. Donec quam felis, ultricies nec, pellentesque eu, pretium quis, sem. Nulla consequat massa quis enim. Donec pede justo, fringilla vel, aliquet nec, vulputate eget, arcu. \",\n                    \"title\": \"REPORTS\"\n                },\n                {\n                    \"detailType\": \"REGULATION\",\n                    \"text\": \" Lorem ipsum dolor sit amet, consectetuer adipiscing elit. Aenean commodo ligula eget dolor. Aenean massa. Cum sociis natoque penatibus et magnis dis parturient montes, nascetur ridiculus mus. Donec quam felis, ultricies nec, pellentesque eu, pretium quis, sem. Nulla consequat massa quis enim. Donec pede justo, fringilla vel, aliquet nec, vulputate eget, arcu. \",\n                    \"title\": \"REGULATION\"\n                },\n                {\n                    \"detailType\": \"SANCTION\",\n                    \"text\": \" Lorem ipsum dolor sit amet, consectetuer adipiscing elit. Aenean commodo ligula eget dolor. Aenean massa. Cum sociis natoque penatibus et magnis dis parturient montes, nascetur ridiculus mus. Donec quam felis, ultricies nec, pellentesque eu, pretium quis, sem. Nulla consequat massa quis enim. Donec pede justo, fringilla vel, aliquet nec, vulputate eget, arcu. \",\n                    \"title\": \"SANCTION\"\n                },\n                {\n                    \"detailType\": \"UNKNOWN\",\n                    \"text\": \"Lorem ipsum dolor sit amet, consectetuer adipiscing elit. Aenean commodo ligula eget dolor. Aenean massa. Cum sociis natoque penatibus et magnis dis parturient montes, nascetur ridiculus mus. Donec quam felis, ultricies nec, pellentesque eu, pretium quis, sem. Nulla consequat massa quis enim. Donec pede justo, fringilla vel, aliquet nec, vulputate eget, arcu. \",\n                    \"title\": \"UNKNOWN\"\n                }\n            ],\n            \"entityId\": \"{{entity-id-individual-2}}\",\n            \"entityType\": \"INDIVIDUAL\",\n            \"events\": [\n                {\n                    \"address\": {\n                        \"city\": \"Monterey Park birth home 789\",\n                        \"country\": {\n                            \"code\": \"USA\",\n                            \"name\": \"UNITED STATES\"\n                        },\n                        \"postCode\": \"AS003\",\n                        \"region\": \"California\",\n                        \"street\": \"high street california\"\n                    },\n                    \"day\": 12,\n                    \"fullDate\": \"12 Jan 1969\",\n                    \"month\": 1,\n                    \"type\": \"BIRTH\",\n                    \"year\": 1969\n                }\n            ],\n            \"externalImportId\": \"{{external-import-id-individual-2}}\",\n            \"gender\": \"MALE\",\n            \"identityDocuments\": [\n                {\n                    \"entity\": null,\n                    \"expiryDate\": null,\n                    \"issueDate\": null,\n                    \"issuer\": null,\n                    \"locationType\": {\n                        \"country\": {\n                            \"code\": \"MDV\",\n                            \"name\": \"MALDIVES\"\n                        },\n                        \"name\": \"TAXPAYER'S IDENTIFICATION NUMBER\",\n                        \"type\": \"MV-TIN\"\n                    },\n                    \"number\": \"384474320\",\n                    \"type\": \"Passport\"\n                }\n            ],\n            \"names\": [\n                {\n                    \"fullName\": \"Peter Pen\",\n                    \"type\": \"PRIMARY\"\n                },\n                {\n                    \"fullName\": \"Patrick Pen\",\n                    \"type\": \"NATIVE_AKA\"\n                },\n                {\n                    \"fullName\": \"Patricy Pen\",\n                    \"type\": \"LOW_QUALITY_AKA\"\n                },\n                {\n                    \"fullName\": \"Patriccccyyyy Pen\",\n                    \"type\": \"LANG_VARIATION\"\n                },\n                {\n                    \"fullName\": \"Peter Pointeren\",\n                    \"givenName\": \"Peter\",\n                    \"languageCode\": null,\n                    \"lastName\": \"Pointer\",\n                    \"originalScript\": \"Peter Pointer\",\n                    \"prefix\": null,\n                    \"suffix\": null,\n                    \"type\": \"AKA\"\n                }\n            ],\n            \"roles\": [\n                {\n                    \"end\": \"13 May\",\n                    \"start\": \"1980\",\n                    \"location\": \"London\",\n                    \"title\": \"President\",\n                    \"type\": \"Position\",\n                    \"source\": null\n                }\n            ],\n            \"sources\": [\n                {\n                    \"abbreviation\": \"UKNCA\",\n                    \"identifier\": \"{{provider-source-identifier}}\",\n                    \"name\": \"client_watchlist_name\",\n                    \"providerSourceStatus\": \"ACTIVE\",\n                    \"type\": {}\n                }\n            ],\n            \"updateCategory\": \"C4\",\n            \"weblinks\": [\n                {\n                    \"caption\": \"CNN\",\n                    \"uri\": \"www.cnn.com\"\n                },\n                {\n                    \"caption\": null,\n                    \"uri\": \"https://www.mira.gov.mv/Default_Eng.aspx\"\n                }\n            ]\n        }\n    ]\n}"
						},
						"url": {
							"raw": "{{protocol}}{{gateway-host}}{{gateway-url}}reference/watchlist",
							"host": [
								"{{protocol}}{{gateway-host}}{{gateway-url}}reference"
							],
							"path": [
								"watchlist"
							]
						},
						"description": "Maintain your Watchlist data"
					},
					"response": []
				},
				{
					"name": "SEQ-watchlist-maintain-individual-simple: Maintain Watchlist data: Create Individual - Simple",
					"event": [
						{
							"listen": "prerequest",
							"script": {
								"exec": [
									""
								],
								"type": "text/javascript"
							}
						},
						{
							"listen": "test",
							"script": {
								"exec": [
									"pm.test(\"entity-id-individual-1 is set in environment\", function () {",
									"    pm.expect(pm.environment.get(\"entity-id-individual-1\"), 'entity-id-individual-1 must be defined and not blank in the environment').to.not.equal(\"--REQUIRED-VALUE-MISSING--\");",
									"});",
									"",
									"pm.test(\"external-import-id-individual-1 is set in environment\", function () {",
									"    pm.expect(pm.environment.get(\"external-import-id-individual-1\"), 'external-import-id-individual-1 must be defined and not blank in the environment').to.not.equal(\"--REQUIRED-VALUE-MISSING--\");",
									"});",
									"",
									"pm.test(\"provider-source-identifier is set in environment\", function () {",
									"    pm.expect(pm.environment.get(\"provider-source-identifier\"), 'provider-source-identifier must be defined and not blank in the environment').to.not.equal(\"--REQUIRED-VALUE-MISSING--\");",
									"});",
									"",
									"pm.test(\"Status code is 201\", function () {",
									"    pm.response.to.have.status(201);",
									"});",
									"",
									"pm.test(\"Response contains no errors\", function () {",
									"    pm.response.to.be.json;",
									"    var jsonData = pm.response.json();",
									"    pm.expect(jsonData.errors).to.be.empty;",
									"});"
								],
								"type": "text/javascript"
							}
						}
					],
					"request": {
						"method": "POST",
						"header": [
							{
								"key": "Content-Type",
								"name": "Content-Type",
								"value": "application/json",
								"type": "text"
							},
							{
								"key": "Content-Length",
								"value": "{{contentLength}}"
							},
							{
								"key": "Authorization",
								"value": "{{authorisation}}"
							},
							{
								"key": "Date",
								"value": "{{currentDate}}"
							}
						],
						"body": {
							"mode": "raw",
							"raw": "{\n    \"entityCreateOrUpdate\": [\n        {\n            \"entityId\": \"{{entity-id-individual-1}}\",\n            \"externalImportId\": \"{{external-import-id-individual-1}}\",\n            \"creationDate\": \"2017-02-24T09:46:00Z\",\n            \"entityType\": \"INDIVIDUAL\",\n            \"sources\": [\n                {\n                    \"abbreviation\": \"UKNCA\",\n                    \"identifier\": \"{{provider-source-identifier}}\",\n                    \"name\": \"client_watchlist_name\",\n                    \"providerSourceStatus\": \"ACTIVE\",\n                    \"type\": {}\n                }\n            ],\n            \"names\": [\n                {\n                    \"fullName\": \"John Smith\",\n                    \"type\": \"PRIMARY\"\n                }\n            ]\n        }\n    ]\n}",
							"options": {
								"raw": {
									"language": "json"
								}
							}
						},
						"url": {
							"raw": "{{protocol}}{{gateway-host}}{{gateway-url}}reference/watchlist",
							"host": [
								"{{protocol}}{{gateway-host}}{{gateway-url}}reference"
							],
							"path": [
								"watchlist"
							]
						},
						"description": "Maintain your Watchlist data"
					},
					"response": []
				}
			]
		}
	],
	"event": [
		{
			"listen": "prerequest",
			"script": {
				"type": "text/javascript",
				"exec": [
					"function generateAuthHeader(dataToSign) {",
					"    var hash = CryptoJS.HmacSHA256(dataToSign, environment[\"api-secret\"]);",
					"    return hash.toString(CryptoJS.enc.Base64);",
					"}",
					"",
					"function replaceRequestValuesWithEnvValues(requestTemplate) {",
					"    if (_.isEmpty(environment)) {",
					"        console.log(\"Environment is empty\");",
					"    } else {",
					"        for (const [key, value] of Object.entries(environment)) {",
					"            requestTemplate = requestTemplate.replace(`{{${key}}}`, value);",
					"        }",
					"    }",
					"",
					"    return requestTemplate;",
					"}",
					"",
					"(function encodeSpecificEnvValues() {",
					"    if (_.isEmpty(environment)) {",
					"        console.log(\"Environment is empty\");",
					"    } else {",
					"        for (const [key, value] of Object.entries(environment)) {",
					"            if (key === 'available-case-id' || key.endsWith('-encoded')) {",
					"                var encodedValues = encodeURIComponent(value);",
					"                pm.environment.set(key, encodedValues);",
					"            }",
					"        }",
					"    }",
					"})();",
					"",
					"(function populatedEnvValuesFromRequestIfMissing() {",
					"    if (_.isEmpty(environment)) {",
					"        console.log(\"Environment is empty\");",
					"    } else {",
					"        var regExp = /{{(.*?)}}/g;",
					"        var requestData = [request.url, request.data];",
					"        for (const [key, value] of Object.entries(request.headers)) {",
					"            requestData.push(value);",
					"        }",
					"",
					"        requestData.forEach((element) => {",
					"            while (result = regExp.exec(element)) {",
					"                if (_.isEmpty(pm.environment.get(result[1]))) {",
					"                    pm.environment.set(result[1], \"--REQUIRED-VALUE-MISSING--\");",
					"                }",
					"            }",
					"        })",
					"    }",
					"})();",
					"",
					"",
					"pm.environment.set(\"gateway-url\", \"/v2/\");",
					"",
					"var dataToSign;",
					"var authorisation;",
					"var date = new Date().toGMTString();",
					"var content = request.data;",
					"var requestMethod = request.method.toLowerCase();",
					"var requestUrlPart = replaceRequestValuesWithEnvValues(request.url.split('?')[0].replace('{{protocol}}{{gateway-host}}{{gateway-url}}', ''));",
					"",
					"pm.request.headers.upsert({ key: 'Date', value: \"{{currentDate}}\" });",
					"pm.request.headers.upsert({ key: 'Authorization', value: \"{{authorisation}}\" });",
					"",
					"if (_.isEmpty(content)) {",
					"    dataToSign = `(request-target): ${requestMethod} ` + environment[\"gateway-url\"] + requestUrlPart + \"\\n\" +",
					"        \"host: \" + environment[\"gateway-host\"] + \"\\n\" +",
					"        \"date: \" + date;",
					"",
					"    var hmac = generateAuthHeader(dataToSign);",
					"    authorisation = \"Signature keyId=\\\"\" + environment[\"api-key\"] + \"\\\",algorithm=\\\"hmac-sha256\\\",headers=\\\"(request-target) host date\\\",signature=\\\"\" + hmac + \"\\\"\";",
					"} else {",
					"    content = replaceRequestValuesWithEnvValues(content);",
					"    var contentLength = unescape(encodeURIComponent(content)).length;",
					"",
					"    pm.request.headers.upsert({ key: 'Content-Type', value: \"{{content}}\" });",
					"    pm.request.headers.upsert({ key: 'Content-Length', value: \"{{contentLength}}\" });",
					"",
					"    dataToSign = `(request-target): ${requestMethod} ` + environment[\"gateway-url\"] + requestUrlPart + \"\\n\" +",
					"        \"host: \" + environment[\"gateway-host\"] + \"\\n\" +",
					"        \"date: \" + date + \"\\n\" +",
					"        \"content-type: \" + environment[\"content\"] + \"\\n\" +",
					"        \"content-length: \" + contentLength + \"\\n\" +",
					"        content;",
					"",
					"    var hmac = generateAuthHeader(dataToSign);",
					"    authorisation = \"Signature keyId=\\\"\" + environment[\"api-key\"] + \"\\\",algorithm=\\\"hmac-sha256\\\",headers=\\\"(request-target) host date content-type content-length\\\",signature=\\\"\" + hmac + \"\\\"\";",
					"",
					"    pm.environment.set(\"contentLength\", contentLength);",
					"}",
					"",
					"pm.environment.set(\"authorisation\", authorisation);",
					"pm.environment.set(\"currentDate\", date);",
					""
				]
			}
		},
		{
			"listen": "test",
			"script": {
				"type": "text/javascript",
				"exec": [
					""
				]
			}
		}
	]
}
